{
  "mode": "prod",
  "use_focal_loss": false,
  "weight_method": "sqrt",
  "class_weights": [
    0.32466498017311096,
    0.6073790788650513,
    0.7069665193557739,
    1.6066744327545166,
    1.2446330785751343,
    1.6066744327545166,
    0.903007447719574
  ],
  "class_distribution": {
    "0": 147,
    "3": 6,
    "1": 42,
    "2": 31,
    "5": 6,
    "4": 10,
    "6": 19
  },
  "epochs": 2,
  "batch_size": 2,
  "learning_rate": 0.005,
  "final_loss": 1.7608737003712254
}