{
  "mode": "prod",
  "use_focal_loss": true,
  "weight_method": "inverse",
  "class_weights": [
    0.08676393330097198,
    0.3036736845970154,
    0.41142889857292175,
    2.1257128715515137,
    1.2754286527633667,
    2.1257128715515137,
    0.6712785363197327
  ],
  "class_distribution": {
    "0": 147,
    "3": 6,
    "1": 42,
    "2": 31,
    "5": 6,
    "4": 10,
    "6": 19
  },
  "epochs": 5,
  "batch_size": 3,
  "learning_rate": 0.001,
  "final_loss": 0.3110424042946991
}