{
  "mode": "prod",
  "use_focal_loss": false,
  "weight_method": "balanced",
  "freeze_backbone": true,
  "epochs": 10,
  "batch_size": 8,
  "learning_rate": 0.005,
  "final_loss": 1.5111384969769102,
  "class_weights": [
    0.48498424887657166,
    0.7363380789756775,
    0.8147729635238647,
    1.4083888530731201,
    1.1879502534866333,
    1.4083888530731201,
    0.9591759443283081
  ],
  "class_distribution": {
    "0": 147,
    "3": 6,
    "1": 42,
    "2": 31,
    "5": 6,
    "4": 10,
    "6": 19
  }
}